{
  "project_info": {
    "project_number": "708551989638",
    "project_id": "sumo-6c019",
    "storage_bucket": "sumo-6c019.appspot.com"
  },
  "client": [
    {
      "client_info": {
        "mobilesdk_app_id": "1:708551989638:android:b0d69b9dbc92ed2e6a3407",
        "android_client_info": {
          "package_name": "com.example.sumoappprojectb"
        }
      },
      "oauth_client": [
        {
          "client_id": "708551989638-ioo94acrtdr83mvq1vmb6jjatpa4q583.apps.googleusercontent.com",
          "client_type": 3
        }
      ],
      "api_key": [
        {
          "current_key": "AIzaSyDCOtZZbsoqniBUTPlUUDbLGmH2Nxtxy9s"
        }
      ],
      "services": {
        "appinvite_service": {
          "other_platform_oauth_client": [
            {
              "client_id": "708551989638-ioo94acrtdr83mvq1vmb6jjatpa4q583.apps.googleusercontent.com",
              "client_type": 3
            }
          ]
        }
      }
    }
  ],
  "configuration_version": "1"
}